Clotilde,Hettinger,jimmy@mcdermott.info,(496) 882-3988,2016-04-27 22:31:23 -0500
Kianna,Hane,jeromy@bartolettiklocko.info,813-297-5828,2016-05-14 09:04:31 -0500
Caroline,Pollich,mylene.mccullough@dibberthermann.org,(840) 589-9298,2016-04-20 14:32:58 -0500
Kayla,Batz,cecilia@hickle.org,(395) 028-1797,2016-03-25 19:55:52 -0600
Jayde,Medhurst,noel@schinner.org,783.577.2777,2016-03-30 23:54:40 -0600
Timothy,Cummings,orpha@reynoldtroman.io,1-139-176-9358,2016-03-28 05:47:56 -0600
Reinhold,Beier,ellie_bashirian@padberg.org,1-747-864-8844,2016-05-02 06:06:57 -0500
Dorthy,Gottlieb,andre@collier.co,(667) 162-2693,2016-06-15 05:46:42 -0500
Shanel,Kulas,kenneth.waelchi@lebsackgibson.org,(260) 060-7848,2016-06-14 13:49:31 -0500
Amber,Botsford,maeve.rippin@kiehn.biz,(885) 604-9070,2016-03-25 01:03:18 -0600
Willa,Gibson,carmella@raynorkuhlman.biz,268.450.7327,2016-04-12 01:18:01 -0500
Nedra,Purdy,lucile@bartellschumm.co,1-307-936-3758,2016-04-21 23:37:06 -0500
Marques,Satterfield,angelica@goyette.name,1-442-820-8274,2016-05-09 16:34:30 -0500
Blake,Kulas,laila.okon@kertzmannschuster.info,(624) 838-7561,2016-05-02 21:43:35 -0500
Adrien,Gleichner,dave.marks@cummeratadoyle.com,1-921-364-0226,2016-05-16 07:59:29 -0500
